Year,Jurisdiction,YesComputerScore,YesComputerPercentage,NoComputerScore,NoComputerPercentage,YesInternetScore,YesInternetPercentage,NoInternetScore,NoInternetPercentage
2019,Alaska,,,,,,,,
2019,Colorado,,,,,,,,
2019,Montana,,,,,,,,
2019,New Hampshire,,,,,,,,
2019,South Dakota,,,,,,,,
2019,Utah,,,,,,,,
2019,Connecticut,291.1109482,87.44930742,255.7832266,12.55069258,287.0504861,98.81996254,,1.180037463
2019,Massachusetts,299.2579808,88.03463357,264.9766663,11.96536643,295.6543593,98.79441081,,1.205589192
2019,New Jersey,295.9726885,89.67527097,259.256573,10.32472903,292.7071049,98.61292198,,1.38707802
2019,Rhode Island,281.1403816,84.98897149,248.0498649,15.01102851,276.9030272,97.8440651,,2.155934899
2019,Minnesota,294.4949108,84.68657003,272.9533734,15.31342997,291.7771276,97.69631514,,2.303684856
2019,New York,284.3450081,85.95737236,260.0021632,14.04262764,281.5659633,97.69078392,249.943133,2.309216076
2019,Pennsylvania,290.0061562,86.07097638,255.5557444,13.92902362,286.0263961,97.67134585,253.1567742,2.328654151
2019,Maryland,285.0382211,84.04938482,256.5293016,15.95061518,281.0792424,97.64407468,248.9578444,2.35592532
2019,Nebraska,288.7509418,83.49561054,268.5893923,16.50438946,285.9048849,97.46894332,263.275687,2.531056685
2019,North Dakota,288.6273789,84.34701397,269.489554,15.65298603,286.4752669,97.3140003,,2.685999696
2019,Delaware,280.7832802,81.07452427,260.6995184,18.92547573,277.7198786,97.22013738,247.9940993,2.779862622
2019,Virginia,290.0941933,87.20261779,268.1613098,12.79738221,288.1489759,97.19626354,257.7117719,2.803736455
2019,Vermont,290.0226553,84.52023785,268.8211528,15.47976215,287.6361338,97.1344962,254.8985366,2.865503798
2019,Illinois,286.3743598,84.66398512,262.9485966,15.33601488,283.5922314,97.1190408,254.1754391,2.880959199
2019,Wisconsin,292.848078,85.20554897,266.4655317,14.79445103,289.595224,97.05859405,266.0107749,2.941405951
2019,Florida,282.4433774,85.14540882,257.6426859,14.85459118,279.6009184,97.04712373,252.8220727,2.952876268
2019,District of Columbia,274.2223678,79.85710897,251.8491526,20.14289103,270.1316659,97.02596077,,2.974039227
2019,Ohio,290.0755191,85.27117981,261.7041504,14.72882019,286.6591216,97.01765435,258.5533558,2.982345647
2019,California,281.2069518,81.34702205,252.6038207,18.65297795,276.80699,97.01134195,243.8220114,2.988658049
2019,Michigan,283.801867,84.28897959,261.6165383,15.71102041,281.2223647,96.95586672,252.7519347,3.044133284
2019,Washington,289.6014415,84.62579889,267.9005963,15.37420111,287.26483,96.92565217,252.0290127,3.074347827
2019,Georgia,283.1127676,83.73152831,262.9868943,16.26847169,280.2984663,96.74752096,269.0369876,3.252479037
2019,Maine,285.2081668,81.6994959,270.6710642,18.3005041,283.4704347,96.72527292,253.3598888,3.274727075
2019,National,286.2063449,82.89899609,262.3762162,17.10100391,282.9782762,96.7175142,256.6044624,3.282485802
2019,Wyoming,290.2978167,78.66671072,272.3219172,21.33328928,287.3482884,96.35580839,263.0674805,3.64419161
2019,Louisiana,276.3941956,76.20777065,257.3659651,23.79222935,272.6833912,96.33647982,251.6257091,3.663520184
2019,Oregon,283.923072,80.12874829,262.409191,19.87125171,280.2428715,96.32941737,260.0316259,3.67058263
2019,West Virginia,275.2871665,81.49190485,260.0486599,18.50809515,273.0316138,96.3039871,257.421316,3.696012901
2019,North Carolina,287.9162625,82.56273596,265.4480819,17.43726404,284.9025321,96.20573557,259.1273576,3.794264431
2019,Nevada,278.1378939,79.78782077,258.445789,20.21217923,274.8019038,96.2018143,252.4232081,3.798185699
2019,Hawaii,280.5785598,79.89795446,255.4499349,20.10204554,276.929078,96.0637656,242.7365895,3.936234398
2019,Tennessee,284.3570043,78.23589232,265.1722796,21.76410768,280.9288394,95.91242489,262.3346043,4.087575111
2019,Indiana,288.8757461,81.30173992,272.2576978,18.69826008,286.523275,95.8986685,268.5989121,4.101331502
2019,South Carolina,279.5730463,85.41330333,259.3236379,14.58669667,278.0744803,95.82364946,244.4534333,4.176350545
2019,Kansas,285.8511999,80.19833254,267.7947477,19.80166746,283.2156252,95.65943176,262.1419027,4.340568242
2019,Kentucky,282.2865926,79.16802109,262.9744622,20.83197891,279.1362558,95.53959912,257.7586705,4.460400881
2019,Arizona,285.3045821,78.07402523,262.4901301,21.92597477,281.3594425,95.51452831,255.2980574,4.485471686
2019,Iowa,285.5525008,84.60506478,263.1433488,15.39493522,283.209736,95.17709324,259.1718456,4.822906761
2019,Texas,284.2909607,75.29593621,265.6275995,24.70406379,280.6208157,95.04711685,262.9956754,4.952883149
2019,Alabama,273.1207795,79.59372116,252.9181797,20.40627884,269.6112589,94.78494957,257.0442629,5.215050432
2019,Mississippi,277.05954,76.79101026,263.6508984,23.20898974,274.8014971,94.71617748,257.5881032,5.28382252
2019,Idaho,290.0890969,83.38155006,266.0526193,16.61844994,287.1123679,94.5615536,267.7472281,5.438446396
2019,Missouri,284.3488889,83.52909791,263.7049434,16.47090209,282.4843959,94.45419241,254.7155595,5.54580759
2019,Oklahoma,281.0313051,74.5949986,263.8382979,25.4050014,277.877841,93.60321564,257.3908528,6.396784365
2019,New Mexico,273.8967143,73.51902045,254.9656447,26.48097955,269.9507067,93.33390157,254.022143,6.666098432
2019,Arkansas,278.1877476,78.69433437,260.9331262,21.30566563,275.6172925,93.01936945,258.9865231,6.980630554
2017,National,286.7610821,84.61123232,263.4914689,15.38876768,284.1903238,95.63210395,259.9061801,4.36789605
2017,Alabama,272.0872867,79.18761239,255.3049517,20.81238761,270.0161428,91.58156614,251.9929956,8.418433859
2017,Alaska,,,,,,,,
2017,Arizona,287.2937479,80.68941892,263.1907263,19.31058108,283.8039962,94.48193139,259.9324707,5.518068605
2017,Arkansas,277.5457086,77.71205752,262.2390748,22.28794248,275.3565531,90.60977999,260.7291463,9.390220015
2017,California,281.4266618,84.30763569,253.6249449,15.69236431,278.2617054,95.77702661,250.1690359,4.222973393
2017,Colorado,,,,,,,,
2017,Connecticut,287.820996,89.05932612,259.4823244,10.94067388,284.9805423,98.70645642,,1.293543583
2017,Delaware,281.4433192,83.58201737,262.6401762,16.41798263,278.86513,96.92186501,258.8207265,3.078134988
2017,District of Columbia,271.2827432,81.56569062,246.9572535,18.43430938,268.2951979,96.08512399,,3.914876014
2017,Florida,282.0395867,85.81883079,263.0835674,14.18116921,280.2529671,95.79198574,257.8702591,4.208014263
2017,Georgia,284.0112836,84.89829919,265.4617516,15.10170081,281.8513829,96.22483805,262.0729747,3.77516195
2017,Hawaii,281.2374642,81.63952236,261.6958832,18.36047764,278.4902916,95.63452598,256.7642536,4.365474024
2017,Idaho,288.4085012,83.30767193,266.1956825,16.69232807,286.0348034,94.14305351,260.4180389,5.856946485
2017,Illinois,285.1721933,85.95779216,260.8784004,14.04220784,282.5040762,96.55391296,260.5797529,3.446087042
2017,Indiana,290.1073247,85.89807575,275.073637,14.10192425,289.0692719,94.47188165,268.9865578,5.528118349
2017,Iowa,289.111846,87.81485419,266.910478,12.18514581,287.3989626,95.87362077,264.1033161,4.126379229
2017,Kansas,288.3116708,82.47622777,271.3471043,17.52377223,286.3274593,94.48431211,267.5256117,5.515687893
2017,Kentucky,282.0321004,79.3888647,261.9576371,20.6111353,278.9177812,92.25370543,264.7348697,7.746294574
2017,Louisiana,,,,,,,,
2017,Maine,286.1843783,84.95676532,273.4772523,15.04323468,285.4274215,95.23112284,262.2085341,4.768877161
2017,Maryland,284.635122,88.064077,257.2471879,11.935923,282.3130347,96.98874246,250.6766222,3.01125754
2017,Massachusetts,300.7360986,90.08806533,267.4611457,9.911934673,297.7976614,98.66020474,270.988361,1.339795259
2017,Michigan,283.3376475,84.78009536,259.770029,15.21990464,280.6366628,95.17391171,261.7584149,4.826088291
2017,Minnesota,297.1449887,87.67947874,272.2373219,12.32052126,294.8362587,97.01218342,271.261059,2.987816585
2017,Mississippi,274.2695744,77.89826498,259.4809176,22.10173502,271.6910593,92.56197875,262.7563366,7.43802125
2017,Missouri,283.6656221,82.96928534,266.8887652,17.03071466,281.8408239,94.26730247,265.412799,5.732697526
2017,Montana,,,,,,,,
2017,Nebraska,292.8809,82.98629517,268.1830836,17.01370483,290.0396583,95.21227968,258.527516,4.787720317
2017,Nevada,279.9563664,81.09202381,258.0577747,18.90797619,277.0370116,95.45680923,247.8641791,4.54319077
2017,New Hampshire,295.7919703,91.00647841,271.2563059,8.993521593,294.010044,98.11945229,,1.880547708
2017,New Jersey,295.2063761,89.97690964,261.8192901,10.02309036,292.540579,98.37249382,,1.627506182
2017,New Mexico,273.707833,75.17135992,257.5508737,24.82864008,271.2904338,90.85847995,252.9888367,9.14152005
2017,New York,285.8924902,86.34710719,258.4313792,13.65289281,282.7525109,96.84490923,261.7749031,3.155090765
2017,North Carolina,285.826834,84.41896749,262.3884867,15.58103251,283.7835819,95.83291362,245.4150023,4.16708638
2017,North Dakota,291.4736961,86.99440123,267.9368661,13.00559877,289.1788937,95.99437069,268.0280314,4.00562931
2017,Ohio,292.7106561,85.53040669,259.8663097,14.46959331,288.8564075,96.45096695,262.5548395,3.549033051
2017,Oklahoma,279.3195849,75.72738301,260.7878375,24.27261699,276.9349909,90.29867836,254.5138082,9.701321641
2017,Oregon,286.4331939,80.60622666,264.9792477,19.39377334,283.202825,96.24609371,260.2913382,3.75390629
2017,Pennsylvania,289.792968,85.5682172,268.3480345,14.4317828,287.3126885,97.37312971,261.2559316,2.62687029
2017,Rhode Island,281.788453,85.3124524,253.526831,14.6875476,278.2987266,97.16193322,,2.838066782
2017,South Carolina,277.2550463,86.93630013,260.1378356,13.06369987,275.8302064,94.47983655,259.3063187,5.520163455
2017,South Dakota,,,,,,,,
2017,Tennessee,282.1660109,79.64985105,267.3998995,20.35014895,280.1450152,93.12329242,265.2497573,6.876707578
2017,Texas,286.6866524,77.24255755,268.308918,22.75744245,283.6045784,93.49647529,265.280886,6.503524706
2017,Utah,,,,,,,,
2017,Vermont,290.728813,87.66950002,267.6214477,12.33049998,288.8977698,95.88403183,262.4689718,4.115968175
2017,Virginia,293.7969002,87.02223665,267.3505519,12.97776335,291.4843315,95.52176828,264.4322821,4.478231722
2017,Washington,292.8394581,85.92927326,267.1079935,14.07072674,290.2761108,95.54688102,265.4730505,4.453118985
2017,West Virginia,276.7446361,81.66006182,259.5203838,18.33993818,274.6418339,93.52456489,257.72202,6.475435109
2017,Wisconsin,291.6166603,88.16974554,265.5160943,11.83025446,289.3307315,95.82341092,267.8803515,4.176589076
2017,Wyoming,,,,,,,,
2015,National,285.0707567,88.01801533,262.4248346,11.98198467,284.0862059,91.9666104,260.903785,8.0333896
2015,Alabama,268.6653219,83.93474075,255.7809506,16.06525925,268.3216835,91.12040178,248.4292856,8.879598217
2015,Alaska,,,,,,#,280.7252662,99.75369348
2015,Arizona,286.9674057,84.05555914,262.7290366,15.94444086,285.4283057,90.99700261,257.5618497,9.00299739
2015,Arkansas,277.8102257,83.03202994,261.9424263,16.96797006,277.3933768,89.15718844,255.9172093,10.84281156
2015,California,278.2754542,87.66756558,255.8644074,12.33243442,277.264516,92.76651286,250.4455979,7.233487139
2015,Colorado,288.8505252,88.54238544,261.4761003,11.45761456,287.828022,92.8990062,255.5954456,7.100993801
2015,Connecticut,286.6434021,92.8899211,248.8463328,7.110078895,285.2765053,97.08903612,239.9366072,2.910963877
2015,Delaware,282.3760187,87.30391473,263.9018124,12.69608527,281.2736731,94.73490758,254.0577935,5.265092418
2015,District of Columbia,267.7434481,84.17982731,247.120942,15.82017269,267.4045508,89.14982907,227.7333137,10.85017093
2015,Florida,277.7223708,88.51759543,257.5819257,11.48240457,277.1012574,92.64245862,252.9431951,7.357541381
2015,Georgia,281.131508,87.57210372,263.1831604,12.42789628,280.1708841,93.36654356,258.175001,6.633456437
2015,Hawaii,282.3582119,87.06990323,259.6938968,12.93009677,281.7418914,92.94223121,247.7120664,7.057768788
2015,Idaho,286.6269581,88.48283978,264.3717496,11.51716022,285.3936693,92.75111343,262.6130126,7.248886566
2015,Illinois,284.9226137,89.29098848,258.5622208,10.70901152,283.8588895,94.7833221,247.6227584,5.2166779
2015,Indiana,289.9383764,85.3577787,271.9375734,14.6422213,289.0654009,92.24147642,264.702521,7.758523583
2015,Iowa,288.532235,90.54134415,266.2964202,9.458655849,287.9730515,94.33553389,260.4888814,5.664466115
2015,Kansas,286.1300835,85.91245887,271.1556342,14.08754113,285.8291859,92.06723251,261.1456236,7.932767488
2015,Kentucky,279.9785203,84.7972676,267.3743696,15.2027324,278.783359,92.51862692,267.6822893,7.481373084
2015,Louisiana,270.8935771,82.60004844,256.9075828,17.39995156,269.8740031,91.36328445,253.1819172,8.636715553
2015,Maine,286.7915042,86.80922071,272.8408927,13.19077929,286.5824082,93.15141993,261.658538,6.848580066
2015,Maryland,285.6378583,91.15560198,261.5604179,8.84439802,284.7618937,95.04795306,252.1923402,4.952046943
2015,Massachusetts,300.0415911,92.28806631,264.8145963,7.71193369,298.9367418,96.61140853,239.0838395,3.388591469
2015,Michigan,280.3520324,88.71938941,262.7025594,11.28061059,279.6035094,93.51932043,257.4629697,6.480679574
2015,Minnesota,296.2350637,91.58920875,272.4928674,8.410791248,296.0369903,95.38237208,255.1239434,4.617627925
2015,Mississippi,271.8713918,82.30236896,264.6562086,17.69763104,272.2357488,87.75433503,258.7185614,12.24566497
2015,Missouri,284.2687827,84.33477973,262.9644133,15.66522027,282.9952745,91.51937475,257.3621545,8.480625253
2015,Montana,289.8117439,88.11298224,270.1918125,11.88701776,288.8052297,92.40225286,271.1523108,7.597747144
2015,Nebraska,289.2473239,88.53173301,266.296902,11.46826699,288.2235472,93.09483795,263.2424726,6.905162045
2015,Nevada,278.1390377,84.78737315,258.428676,15.21262685,277.2263391,93.47239591,245.7527657,6.52760409
2015,New Hampshire,296.7329159,92.53347982,266.9985859,7.46652018,295.5444981,96.59667356,262.2982213,3.403326435
2015,New Jersey,295.3298116,94.73537499,262.0194614,5.264625012,294.8441621,97.53624482,,2.463755181
2015,New Mexico,274.1645473,80.73131606,257.615678,19.26868394,273.8091058,87.27552903,250.9274362,12.72447097
2015,New York,282.6202279,90.70208134,260.6950775,9.297918658,281.8603896,94.60539101,249.0281767,5.394608993
2015,North Carolina,285.1213132,86.23043761,259.5446049,13.76956239,283.7903824,92.44040094,251.2583488,7.559599059
2015,North Dakota,290.6798022,89.95063445,265.635277,10.04936555,289.4397929,95.32742976,263.8511852,4.672570236
2015,Ohio,288.0419652,87.66907126,265.0400881,12.33092874,287.0182851,92.58976228,260.6272253,7.410237719
2015,Oklahoma,278.3541873,77.3889163,261.9769674,22.6110837,277.0991861,86.52862322,258.4433056,13.47137678
2015,Oregon,285.5804567,87.48928078,264.5557497,12.51071922,284.2591141,93.39826474,262.3828242,6.601735262
2015,Pennsylvania,286.6959681,89.4319404,259.3092128,10.5680596,285.5369531,94.13170812,253.6957001,5.868291876
2015,Rhode Island,284.2782832,89.68086309,259.4784149,10.31913691,283.1431632,95.65204234,244.0916426,4.347957663
2015,South Carolina,277.9721747,86.71423349,263.4017686,13.28576651,277.4915693,92.58448276,255.0561401,7.415517242
2015,South Dakota,286.6068931,88.86476755,269.1259315,11.13523245,286.3861691,92.45944937,263.2477603,7.540550627
2015,Tennessee,281.4145739,84.11256479,261.5397806,15.88743521,280.4395084,91.05951698,255.7553345,8.940483021
2015,Texas,287.8249441,81.64142403,266.8921394,18.35857597,286.2222719,90.87408544,259.6087021,9.125914565
2015,Utah,,,,,,,286.173147,99.82851108
2015,Vermont,293.0910437,89.05270737,271.2296704,10.94729263,292.1082737,93.49641305,265.1526486,6.503586951
2015,Virginia,291.199443,89.06261444,262.6042249,10.93738556,290.056422,92.97389138,257.4836385,7.026108616
2015,Washington,289.4455784,89.47997748,264.102323,10.52002252,288.3960369,93.52119491,259.3331269,6.478805089
2015,West Virginia,273.4777173,86.13743915,259.6639844,13.86256085,272.6345134,93.35323562,254.8242752,6.646764378
2015,Wisconsin,291.6678957,90.60167907,266.2264728,9.398320935,290.5197046,95.31429406,259.7462125,4.685705939
2015,Wyoming,288.7635426,86.99861657,273.4333142,13.00138343,287.9946303,92.98680598,269.0577056,7.013194023
2013,National,286.4652594,92.29882398,263.9288906,7.701176022,286.6614078,92.21223055,260.2792166,7.787769446
2013,Alabama,271.0215232,90.43491038,254.0102562,9.565089616,271.9330495,88.2406154,248.6429798,11.7593846
2013,Alaska,,,,,,,281.6301328,99.8607034
2013,Arizona,282.3985991,88.62297833,259.2025781,11.37702167,282.9716082,88.51317134,254.6840773,11.48682866
2013,Arkansas,279.2961396,88.58616118,267.3146156,11.41383882,279.5056629,88.98650092,265.0610216,11.01349908
2013,California,278.2654356,90.71237866,253.7201894,9.287621338,278.6424628,90.40341523,250.07905,9.596584772
2013,Colorado,291.7069849,93.12393678,263.0958789,6.876063223,292.2455452,92.69710053,257.1396933,7.302899472
2013,Connecticut,286.576933,95.75703108,259.551708,4.242968921,286.689391,96.22106088,248.4400644,3.778939121
2013,Delaware,283.7430237,92.88653954,265.3042406,7.11346046,283.7043172,93.60933492,262.3290987,6.390665077
2013,District of Columbia,268.4425023,86.38433917,248.4128361,13.61566083,268.0660092,89.47534336,241.3986926,10.52465664
2013,Florida,282.0154826,93.80499122,265.8874873,6.195008785,282.1920952,94.04512227,259.7524131,5.954877734
2013,Georgia,280.7983953,92.76435158,261.6164592,7.235648425,281.1744863,92.78007861,253.5374075,7.219921389
2013,Hawaii,283.2707132,90.66991212,264.1840051,9.330087877,284.2326398,89.84230751,256.4732102,10.15769249
2013,Idaho,287.7349944,93.42261495,268.9782004,6.577385051,288.5115514,91.94064861,262.4837769,8.059351388
2013,Illinois,286.6791692,93.2562776,262.9316912,6.743722396,286.8342568,93.3864561,257.5517779,6.613543903
2013,Indiana,289.6065494,91.21058404,270.6989718,8.789415961,289.4323027,91.96163328,268.7235078,8.038366723
2013,Iowa,286.4749164,94.07463172,263.8387774,5.925368275,286.656235,94.23941315,259.1226296,5.760586848
2013,Kansas,291.0214062,91.77967761,273.1690768,8.220322393,290.9698315,92.7131778,271.0492767,7.286822202
2013,Kentucky,282.302482,90.74454009,265.1580447,9.255459911,282.0626246,91.4183363,265.5485527,8.581663704
2013,Louisiana,274.2627825,87.39770493,262.2505956,12.60229507,274.6734511,88.63075709,257.8518855,11.36924291
2013,Maine,289.8593488,93.80176785,272.9009635,6.198232145,289.6715829,93.35930229,275.5100718,6.640697708
2013,Maryland,288.0812354,94.38620238,265.0237357,5.613797624,288.1256821,94.49184448,261.17835,5.508155519
2013,Massachusetts,302.0203433,95.49376114,273.5177139,4.506238859,302.2962934,96.000493,259.0895095,3.999507002
2013,Michigan,281.6725795,93.75619032,261.1103436,6.243809684,281.7885968,93.35749974,256.8732848,6.64250026
2013,Minnesota,296.2055125,94.47615346,270.5781145,5.523846544,296.6296531,94.66857663,258.4282124,5.331423367
2013,Mississippi,273.0537641,87.77411654,258.9187328,12.22588346,273.5246924,87.41383402,254.7443497,12.58616598
2013,Missouri,284.6718052,90.34328233,268.1373163,9.656717667,284.6618911,90.69130219,266.6847992,9.308697813
2013,Montana,291.1908641,90.63575608,271.7907337,9.364243916,290.9804487,90.80428857,271.9281356,9.195711429
2013,Nebraska,286.847873,91.75441439,266.8704235,8.245585611,286.6469156,92.4532735,265.6369166,7.546726497
2013,Nevada,280.1326739,90.10419515,261.6711903,9.895804849,280.3316852,91.0946881,257.3678149,8.905311903
2013,New Hampshire,296.7907086,95.5374735,276.1696538,4.462526498,296.5801195,95.93909293,274.0483014,4.060907073
2013,New Jersey,296.8801891,96.98663583,270.5673595,3.013364174,297.182089,96.93068888,260.4071326,3.069311123
2013,New Mexico,275.1900106,85.61618846,259.202628,14.38381154,276.0954411,83.57598959,255.7981316,16.42401041
2013,New York,283.6323839,94.39763603,255.239754,5.602363974,283.8709401,94.68354456,245.0640262,5.316455441
2013,North Carolina,287.5616358,90.5645025,268.8729258,9.435497498,287.4020512,91.15216457,267.547898,8.847835433
2013,North Dakota,291.5319241,94.50589618,272.4984532,5.49410382,291.7343234,94.99817358,267.3589842,5.001826422
2013,Ohio,291.2905443,91.95050224,270.8467614,8.049497757,291.094567,93.58175776,266.6880361,6.41824224
2013,Oklahoma,277.8544736,85.75335933,263.049963,14.24664067,277.8557277,87.73555856,258.7028321,12.26444144
2013,Oregon,285.4128167,91.18610146,265.892604,8.813898538,285.7119786,91.00640328,261.3903461,8.993596716
2013,Pennsylvania,291.1376719,94.62464971,264.1267893,5.375350287,291.4299811,94.76380251,256.9330112,5.236197495
2013,Rhode Island,285.6587954,94.01882571,262.5403089,5.981174295,285.9580183,94.54605768,251.7477898,5.453942324
2013,South Carolina,281.7717196,91.68376523,259.0731611,8.316234768,282.2655864,91.07954624,254.9017557,8.920453756
2013,South Dakota,288.9617125,91.92205387,267.5996465,8.077946125,289.3195534,91.5401077,265.0974629,8.459892298
2013,Tennessee,279.6487597,89.82905483,261.8086141,10.17094517,279.5938522,91.39640075,257.8154674,8.603599249
2013,Texas,290.2891929,88.74869025,271.6672651,11.25130975,290.3387969,89.89803455,269.1564906,10.10196545
2013,Utah,286.0007178,93.37691476,261.5386963,6.623085241,286.2237369,93.18195278,258.4701801,6.818047217
2013,Vermont,297.0933656,94.39287567,272.9606863,5.607124332,297.1377326,93.30788094,272.2103487,6.692119055
2013,Virginia,289.8242158,93.38553349,268.5974577,6.614466514,289.6905655,93.91395802,264.26179,6.086041979
2013,Washington,291.9435631,92.87942041,266.1678536,7.120579586,292.452566,92.27936275,260.1291039,7.720637248
2013,West Virginia,275.9122298,90.82553383,260.7074702,9.174466172,276.1925947,91.34574313,255.827357,8.654256869
2013,Wisconsin,290.3517844,93.58496256,266.4436012,6.41503744,290.3157388,93.44402398,266.3687637,6.555976017
2013,Wyoming,288.9825221,92.26220995,278.4258551,7.737790048,288.9747903,92.55659133,277.4793445,7.443408675
2011,National,285.5356396,93.14806765,262.564411,6.851932351,286.314343,92.52883618,264.4216098,7.471163825
2011,Alabama,270.9805336,91.0773247,250.4774189,8.9226753,271.8793779,91.22096714,253.8075331,8.779032859
2011,Alaska,,,,,,,,
2011,Arizona,282.0087441,88.70999416,256.3655805,11.29000584,282.790269,87.96081281,261.422516,12.03918719
2011,Arkansas,280.9260215,88.09082384,265.7951197,11.90917616,281.5557651,87.1391557,266.8932225,12.8608443
2011,California,275.2842447,90.82908217,250.2199741,9.170917833,276.5111144,90.18479125,250.7393688,9.815208749
2011,Colorado,293.5435918,93.77111221,266.5173335,6.228887786,294.5230258,93.31847719,264.7282554,6.68152281
2011,Connecticut,288.0290346,95.7592784,264.9846631,4.240721603,288.7034204,95.71241159,263.8295687,4.287588413
2011,Delaware,284.3544776,93.20736851,263.4765773,6.792631492,284.9992275,92.57985274,267.2814161,7.420147262
2011,District of Columbia,263.2878165,89.59331306,241.7123651,10.40668694,263.8789589,92.27834817,239.1511152,7.72165183
2011,Florida,279.1310069,94.40681561,258.4339071,5.593184392,279.6786504,93.45573834,261.0518382,6.544261661
2011,Georgia,279.9619756,92.70265336,261.1378367,7.297346636,280.666792,91.97656276,262.4408502,8.023437238
2011,Hawaii,279.7289005,92.53988316,257.6976417,7.46011684,281.3211228,91.87756281,254.1581121,8.122437194
2011,Idaho,288.4292092,92.55227602,266.3871087,7.447723975,288.7585646,90.54036517,269.6012242,9.459634832
2011,Illinois,284.5968118,93.88804028,263.6849268,6.111959724,285.4408458,93.38951267,266.6905606,6.610487333
2011,Indiana,286.0801423,92.65726352,271.4666737,7.342736478,286.6988485,91.52365813,271.843174,8.476341867
2011,Iowa,286.0007957,93.89079262,269.5509535,6.109207381,286.3155419,93.28446361,270.5805453,6.715536388
2011,Kansas,291.1399479,92.58535715,272.1270999,7.414642849,291.4363633,92.08774619,276.3612966,7.912253806
2011,Kentucky,282.8623028,91.45448454,268.5107909,8.545515455,283.5459537,90.24849174,270.2680639,9.75150826
2011,Louisiana,274.6513952,90.32424337,256.0653889,9.675756626,275.0506497,90.45115471,256.542191,9.54884529
2011,Maine,289.6199582,94.14847011,272.8406586,5.851529885,290.1644439,93.19086467,274.1207415,6.809135325
2011,Maryland,289.1070674,95.75478861,262.1971723,4.245211394,290.0053777,96.06351904,264.2552521,3.936480957
2011,Massachusetts,299.3674284,96.465701,276.6680603,3.534299005,300.6422711,96.33930994,277.4849432,3.660690059
2011,Michigan,281.2488074,94.43652875,262.4137442,5.563471253,281.747829,93.38054889,266.6265016,6.619451114
2011,Minnesota,296.5731419,95.33737476,266.804745,4.66262524,297.1695143,93.92036905,273.624774,6.079630953
2011,Mississippi,270.8931345,88.98197783,256.4013071,11.01802217,271.4616906,87.60276328,261.4387387,12.39723672
2011,Missouri,283.0442518,91.99766635,269.0142625,8.002333653,283.7397779,90.14210453,269.4881477,9.857895469
2011,Montana,294.9351617,91.9914388,269.9885768,8.008561197,295.374431,89.40520538,274.5493063,10.59479462
2011,Nebraska,284.8899118,93.4521328,260.3139357,6.547867197,285.5887922,92.52733805,262.6721073,7.472661953
2011,Nevada,279.6578782,91.61874661,261.4619819,8.381253386,280.9160466,90.50322731,264.5228584,9.496772685
2011,New Hampshire,293.0481181,96.55016189,271.3726644,3.449838109,293.5151348,95.35819327,272.3802279,4.641806731
2011,New Jersey,295.1877757,97.27561601,265.0367381,2.724383988,296.0842686,97.03720907,263.4299573,2.962790926
2011,New Mexico,277.0357845,87.35567626,257.4348135,12.64432374,278.064215,85.52481359,259.0014021,14.47518641
2011,New York,281.8901347,94.96234052,259.0696381,5.037659477,282.2236678,95.65215082,261.3072326,4.34784918
2011,North Carolina,287.717793,92.5713285,269.3178401,7.428671501,288.4243031,92.30005326,268.3875084,7.699946739
2011,North Dakota,293.0655611,94.99811864,273.7130597,5.001881359,293.2885169,94.10002464,276.1092125,5.899975356
2011,Ohio,290.3978781,92.97157694,265.1981411,7.028423055,290.4938205,93.02394839,269.2784197,6.976051607
2011,Oklahoma,281.0717374,88.55448324,265.1183904,11.44551676,281.4613535,87.33426871,266.1766197,12.66573129
2011,Oregon,284.6120767,91.65340513,262.3353714,8.346594868,285.1387478,90.18999229,267.4933965,9.810007707
2011,Pennsylvania,287.4100095,94.90960029,263.1021263,5.090399709,288.604033,94.44231874,261.7685591,5.55768126
2011,Rhode Island,284.3483542,94.58221824,257.1521823,5.417781756,285.8093663,94.66721014,258.1659003,5.332789857
2011,South Carolina,282.4836743,92.97905219,264.2792126,7.020947809,283.2380069,91.93008234,265.1015329,8.06991766
2011,South Dakota,292.0054435,92.50437084,272.5109937,7.495629158,292.2365165,91.23098109,272.7684084,8.769018907
2011,Tennessee,275.9645275,89.39147131,257.9436737,10.60852869,276.2562188,88.51281475,259.8760193,11.48718525
2011,Texas,292.1342018,89.82181352,275.7726001,10.17818648,292.916981,89.26987208,277.363022,10.73012792
2011,Utah,284.9203432,94.64282026,254.4961618,5.357179741,285.3787818,93.14634063,259.1196636,6.853659372
2011,Vermont,295.5742322,95.08788923,269.3985067,4.912110774,295.8997137,92.90056074,277.6067715,7.099439262
2011,Virginia,290.7090334,94.66353369,265.8017035,5.336466315,291.5456786,94.09462611,265.6057745,5.905373889
2011,Washington,290.11997,93.64114459,259.5491573,6.358855411,291.7174118,92.10622864,259.1467884,7.893771361
2011,West Virginia,274.4282611,92.33834053,258.9658665,7.661659465,275.2240095,89.87784689,260.9966306,10.12215311
2011,Wisconsin,290.177874,94.76067019,262.1579171,5.239329806,290.8114671,93.60789542,264.0060086,6.392104575
2011,Wyoming,289.1098005,93.05665408,273.8644163,6.943345916,289.3474514,91.3790456,275.5976363,8.620954397
2009,National,285.078366,92.18863456,261.3936062,7.811365441,286.0297109,89.77297784,265.1640448,10.22702216
2009,Alabama,270.5363585,90.52976052,252.8200382,9.470239478,271.8008147,87.49345097,256.9826807,12.50654903
2009,Alaska,,,,,,,,
2009,Arizona,280.16223,88.26434381,257.5502747,11.73565619,282.0182096,84.57027296,258.7943063,15.42972704
2009,Arkansas,278.1588079,87.83548048,261.7313516,12.16451952,279.312677,83.31205013,265.1661608,16.68794987
2009,California,273.3669732,89.55118921,250.2145847,10.44881079,274.8432579,85.84960919,254.5911734,14.15039081
2009,Colorado,289.5102615,92.06505377,266.6143354,7.934946228,290.6676439,88.12604315,268.9214283,11.87395685
2009,Connecticut,289.9006944,96.29651701,265.1006052,3.703482991,290.7163777,95.02321945,267.258556,4.976780547
2009,Delaware,285.4210925,93.17052259,267.2234977,6.82947741,285.9764534,91.47858626,269.4398993,8.52141374
2009,District of Columbia,255.3971888,88.91549354,242.2029168,11.08450646,257.5357866,88.08262095,243.4344992,11.91737905
2009,Florida,281.1039303,92.65253585,260.1986802,7.347464154,281.6532927,91.1441175,264.4105722,8.855882502
2009,Georgia,279.8454293,90.74071575,258.5873813,9.259284254,280.5716565,88.73287859,262.2542027,11.26712141
2009,Hawaii,276.527015,91.78468914,250.7847979,8.215310864,277.5026349,90.75181003,255.9738127,9.248189966
2009,Idaho,289.5548527,91.55263349,266.2658883,8.447366506,290.9495105,85.92555268,269.564125,14.07444732
2009,Illinois,284.3712588,92.0360992,261.7851519,7.963900803,285.4265823,90.35484072,264.4656248,9.645159279
2009,Indiana,288.3469646,91.63688005,272.7288983,8.363119951,288.3136114,89.10176511,276.8947679,10.89823489
2009,Iowa,286.2055742,92.13302744,266.5963477,7.866972562,286.4857109,88.20292343,271.5935396,11.79707657
2009,Kansas,291.0937893,90.61423575,268.8830451,9.385764245,291.5189506,85.99544021,274.6636028,14.00455979
2009,Kentucky,280.5626795,91.78471944,265.6369984,8.215280563,281.7635982,88.38661101,266.5962753,11.61338899
2009,Louisiana,274.7947565,88.56550264,256.5468035,11.43449736,274.723968,87.25791644,259.8608479,12.74208356
2009,Maine,287.5818091,93.96468383,272.9317513,6.035316169,288.0821312,92.19540355,270.5283413,7.804596449
2009,Maryland,290.0618034,95.71448732,260.6535604,4.28551268,291.6060961,95.07288994,266.4045575,4.927110059
2009,Massachusetts,300.1752987,96.52090917,266.340941,3.479090832,300.8532001,95.92878898,274.9737937,4.071211016
2009,Michigan,281.0078805,92.859115,249.2216556,7.140885,281.5852166,91.17220326,258.8613917,8.827796743
2009,Minnesota,295.9482718,94.4412925,274.0697291,5.5587075,296.748734,91.73863834,274.9630773,8.261361659
2009,Mississippi,266.4993127,87.34396269,255.4526094,12.65603731,267.0666706,83.80476354,258.6448336,16.19523646
2009,Missouri,287.671268,92.06541116,267.1874824,7.934588842,288.094396,88.44492344,272.2131917,11.55507656
2009,Montana,293.4053095,91.12836891,273.9547809,8.871631089,294.0567312,86.97224135,277.663059,13.02775865
2009,Nebraska,286.2905635,92.04862667,265.7313388,7.951373334,286.8698042,88.42552413,271.5254053,11.57447587
2009,Nevada,276.4397397,90.00316017,256.1017134,9.996839831,277.2853416,87.41134796,260.2246636,12.58865204
2009,New Hampshire,293.8919185,95.73610636,270.7840991,4.263893641,294.2414211,94.63232385,272.2869362,5.367676152
2009,New Jersey,293.8664031,96.77560033,265.5400081,3.224399671,294.9918099,96.22769017,266.6970596,3.772309827
2009,New Mexico,272.1697769,86.36181399,256.0727018,13.63818601,273.7741925,79.81205291,258.2878593,20.18794709
2009,New York,284.9181665,95.58364682,261.1364602,4.416353178,286.0746509,94.65819382,262.6741179,5.341806181
2009,North Carolina,286.2873972,90.31439994,267.6495449,9.685600062,286.9314732,88.14211176,268.2745863,11.85788824
2009,North Dakota,294.0095728,94.40703162,274.8115228,5.592968379,294.1786012,91.45751661,280.0439961,8.542483387
2009,Ohio,287.6271594,92.48094192,264.4062451,7.519058083,287.7863308,91.08578882,267.7351464,8.914211183
2009,Oklahoma,277.7434992,87.14335607,263.3334155,12.85664393,278.480774,82.87519533,263.180367,17.12480467
2009,Oregon,287.3788955,91.03438434,264.8182027,8.965615657,288.6087828,87.13773304,267.3853282,12.86226696
2009,Pennsylvania,289.6336359,95.02008588,267.1221078,4.979914121,290.2300504,94.08379033,269.7929286,5.91620967
2009,Rhode Island,279.5597253,94.23325561,257.2925438,5.766744392,280.4614237,93.50865111,255.414067,6.491348895
2009,South Carolina,282.953018,89.59331266,260.5493913,10.40668734,283.4969101,88.06301392,263.6109234,11.93698608
2009,South Dakota,292.7015617,90.97224698,271.2933921,9.027753019,293.4599998,87.89912757,275.0061938,12.10087243
2009,Tennessee,276.9700848,88.01251373,258.2064568,11.98748627,277.4587646,84.8391811,263.2531848,15.1608189
2009,Texas,289.2477581,87.08945222,270.4766167,12.91054778,289.5728869,84.699598,274.5327546,15.300402
2009,Utah,285.7311951,94.44175365,260.7841984,5.558246345,287.0207955,89.83702164,265.7273281,10.16297836
2009,Vermont,294.4334008,93.33373523,274.4748349,6.666264767,295.3533807,89.48129219,274.9442954,10.51870781
2009,Virginia,287.7720146,93.97665069,261.6266669,6.023349309,288.5774024,91.79419989,264.8617027,8.205800113
2009,Washington,290.7904857,93.45668829,261.8845066,6.543311708,292.4969884,89.01315584,267.5419647,10.98684416
2009,West Virginia,271.8914,91.73658605,254.7405007,8.263413948,272.5587635,89.24668839,256.6247538,10.75331161
2009,Wisconsin,289.810314,93.52177172,269.4202995,6.478228279,290.4506729,90.24961731,272.4668247,9.750382694
2009,Wyoming,287.3817288,92.24644759,271.5317083,7.75355241,288.2979204,88.21609602,272.2574352,11.78390398
